census_GEOID,census_NAME,metro_state,population,density
3651000,"New York city, New York","New York City, NY",8336817,27754.15859
644000,"Los Angeles city, California","Los Angeles, CA",3979576,8486.02652
1714000,"Chicago city, Illinois","Chicago, IL",2693976,11848.49807
4835000,"Houston city, Texas","Houston, TX",2320268,3624.32253
455000,"Phoenix city, Arizona","Phoenix, AZ",1680992,3247.209286
4260000,"Philadelphia city, Pennsylvania","Philadelphia, PA",1584064,11796.78275
4865000,"San Antonio city, Texas","San Antonio, TX",1547253,3189.46899
666000,"San Diego city, California","San Diego, CA",1423851,4369.284595
4819000,"Dallas city, Texas","Dallas, TX",1343573,3954.759498
668000,"San Jose city, California","San Jose, CA",1021795,5746.613827
4805000,"Austin city, Texas","Austin, TX",978908,3059.673086
1235000,"Jacksonville city, Florida","Jacksonville, FL",911507,1219.461333
4827000,"Fort Worth city, Texas","Fort Worth, TX",909585,2632.020272
3918000,"Columbus city, Ohio","Columbus, OH",898553,4099.293561
3712000,"Charlotte city, North Carolina","Charlotte, NC",885708,2882.803412
667000,"San Francisco city, California","San Francisco, CA",881549,18795.22351
1836003,"Indianapolis city (balance), Indiana","Indianapolis, IN",876384,2423.821043
5363000,"Seattle city, Washington","Seattle, WA",753675,8987.127993
820000,"Denver city, Colorado","Denver, CO",727211,4743.955268
1150000,"Washington city, District of Columbia","Washington, DC",705749,11543.99994
2507000,"Boston city, Massachusetts","Boston, MA",692600,14328.02397
4824000,"El Paso city, Texas","El Paso, TX",681728,2648.309749
4752006,"Nashville-Davidson metropolitan government (balance), Tennessee","Nashville, TN",670820,1410.64104
2622000,"Detroit city, Michigan","Detroit, MI",670031,4830.284983
4055000,"Oklahoma City city, Oklahoma","Oklahoma City, OK",655057,1080.159613
4159000,"Portland city, Oregon","Portland, OR",654741,4907.335232
3240000,"Las Vegas city, Nevada","Las Vegas, NV",651319,4594.285509
4748000,"Memphis city, Tennessee","Memphis, TN",651073,2051.548661
2148006,"Louisville/Jefferson County metro government (balance), Kentucky","Louisville, KY",617638,1901.06934
2404000,"Baltimore city, Maryland","Baltimore, MD",593490,7331.86199
5553000,"Milwaukee city, Wisconsin","Milwaukee, WI",590157,6135.72504
3502000,"Albuquerque city, New Mexico","Albuquerque, NM",560513,2993.961357
477000,"Tucson city, Arizona","Tucson, AZ",548073,2302.692005
627000,"Fresno city, California","Fresno, CA",531576,4633.493258
446000,"Mesa city, Arizona","Mesa, AZ",518012,3751.396416
664000,"Sacramento city, California","Sacramento, CA",513624,5255.542629
1304000,"Atlanta city, Georgia","Atlanta, GA",506811,3733.778534
2938000,"Kansas City city, Missouri","Kansas City, MO",495327,1573.03504
816000,"Colorado Springs city, Colorado","Colorado Springs, CO",478221,2452.419901
3137000,"Omaha city, Nebraska","Omaha, NE",478192,3391.847721
3755000,"Raleigh city, North Carolina","Raleigh, NC",474069,3249.580032
1245000,"Miami city, Florida","Miami, FL",467963,13000.23949
643000,"Long Beach city, California","Long Beach, CA",462628,9125.519357
5182000,"Virginia Beach city, Virginia","Virginia Beach, VA",449974,1838.710559
653000,"Oakland city, California","Oakland, CA",433031,7747.441421
2743000,"Minneapolis city, Minnesota","Minneapolis, MN",429606,7955.715871
4075000,"Tulsa city, Oklahoma","Tulsa, OK",401190,2031.568928
1271000,"Tampa city, Florida","Tampa, FL",399700,3505.628823
4804000,"Arlington city, Texas","Arlington, TX",398854,4164.307269
2255000,"New Orleans city, Louisiana","New Orleans, LA",390144,2302.637414
2079000,"Wichita city, Kansas","Wichita, KS",389938,2412.052186
603526,"Bakersfield city, California","Bakersfield, CA",384145,2565.107132
3916000,"Cleveland city, Ohio","Cleveland, OH",381009,4903.949183
804000,"Aurora city, Colorado","Aurora, CO",379289,2458.575014
602000,"Anaheim city, California","Anaheim, CA",350365,6962.700818
1571550,"Urban Honolulu CDP, Hawaii","Honolulu, HI",345064,5699.437628
669000,"Santa Ana city, California","Santa Ana, CA",332318,12145.68038
662000,"Riverside city, California","Riverside, CA",331360,4077.854229
4817000,"Corpus Christi city, Texas","Corpus Christi, TX",326586,2044.952178
2146027,"Lexington-Fayette urban county, Kentucky","Lexington, KY",323152,1139.316041
3231900,"Henderson city, Nevada","Henderson, NV",320189,3018.327423
675000,"Stockton city, California","Stockton, CA",312697,5029.519044
2758000,"St. Paul city, Minnesota","St. Paul, MN",308096,5927.43961
3915000,"Cincinnati city, Ohio","Cincinnati, OH",303940,3904.877656
2965000,"St. Louis city, Missouri","St. Louis, MO",300576,4868.134093
4261000,"Pittsburgh city, Pennsylvania","Pittsburgh, PA",300286,5422.651454
3728000,"Greensboro city, North Carolina","Greensboro, NC",296710,2298.869622
3128000,"Lincoln city, Nebraska","Lincoln, NE",289102,3004.489768
203000,"Anchorage municipality, Alaska","Anchorage, AK",288000,168.7368238
4858016,"Plano city, Texas","Plano, TX",287677,4013.223979
1253000,"Orlando city, Florida","Orlando, FL",287442,2599.899187
636770,"Irvine city, California","Irvine, CA",287401,4379.836098
3451000,"Newark city, New Jersey","Newark, NJ",282011,11680.61317
3719000,"Durham city, North Carolina","Durham, NC",278993,2486.108595
613392,"Chula Vista city, California","Chula Vista, CA",274492,5529.547846
3977000,"Toledo city, Ohio","Toledo, OH",272779,3389.024543
1825000,"Fort Wayne city, Indiana","Fort Wayne, IN",270402,2444.067605
1263000,"St. Petersburg city, Florida","St. Petersburg, FL",265351,4289.243164
4841464,"Laredo city, Texas","Laredo, TX",262491,2482.351868
3436000,"Jersey City city, New Jersey","Jersey City, NJ",262075,17775.56574
412000,"Chandler city, Arizona","Chandler, AZ",261165,4010.29657
5548000,"Madison city, Wisconsin","Madison, WI",259680,3273.060883
4845000,"Lubbock city, Texas","Lubbock, TX",258862,1921.440364
465000,"Scottsdale city, Arizona","Scottsdale, AZ",258069,1402.644526
3260600,"Reno city, Nevada","Reno, NV",255601,2350.477914
3611000,"Buffalo city, New York","Buffalo, NY",255284,6322.414664
427400,"Gilbert town, Arizona","Gilbert, AZ",254114,3711.074639
427820,"Glendale city, Arizona","Glendale, AZ",252381,4097.617964
3251800,"North Las Vegas city, Nevada","North Las Vegas, NV",251974,2570.758133
3775000,"Winston-Salem city, North Carolina","Winston-Salem, NC",247945,1869.672845
5116000,"Chesapeake city, Virginia","Chesapeake, VA",244835,723.2717246
5157000,"Norfolk city, Virginia","Norfolk, VA",242742,4556.402157
626000,"Fremont city, California","Fremont, CA",241110,3112.511611
4829000,"Garland city, Texas","Garland, TX",239928,4204.872445
4837000,"Irving city, Texas","Irving, TX",239798,3575.893956
1230000,"Hialeah city, Florida","Hialeah, FL",233339,10812.01265
5167000,"Richmond city, Virginia","Richmond, VA",230436,3845.531732
1608830,"Boise City city, Idaho","Boise City, ID",228959,2736.334415
5367000,"Spokane city, Washington","Spokane, WA",222081,3229.836225
2205000,"Baton Rouge city, Louisiana","Baton Rouge, LA",220236,2547.571301
5370000,"Tacoma city, Washington","Tacoma, WA",217827,4377.62976
665000,"San Bernardino city, California","San Bernardino, CA",215784,3474.318738
648354,"Modesto city, California","Modesto, CA",215196,5007.28606
624680,"Fontana city, California","Fontana, CA",214547,4981.17518
1921000,"Des Moines city, Iowa","Des Moines, IA",214237,2429.542536
649270,"Moreno Valley city, California","Moreno Valley, CA",213055,4156.58966
669088,"Santa Clarita city, California","Santa Clarita, CA",212979,3010.101491
3722920,"Fayetteville city, North Carolina","Fayetteville, NC",211657,1431.591635
107000,"Birmingham city, Alabama","Birmingham, AL",209403,1433.524886
654652,"Oxnard city, California","Oxnard, CA",208881,7874.102388
3663000,"Rochester city, New York","Rochester, NY",205695,5751.058531
1258715,"Port St. Lucie city, Florida","Port St. Lucie, FL",201846,1693.305823
2634000,"Grand Rapids city, Michigan","Grand Rapids, MI",201013,4491.264992
137000,"Huntsville city, Alabama","Huntsville, AL",200574,935.6752878
4967000,"Salt Lake City city, Utah","Salt Lake City, UT",200567,1811.833495
4827684,"Frisco city, Texas","Frisco, TX",200490,2942.979441
3684000,"Yonkers city, New York","Yonkers, NY",200370,11124.11002
4803000,"Amarillo city, Texas","Amarillo, TX",199371,1959.537156
630000,"Glendale city, California","Glendale, CA",199303,6540.789519
636000,"Huntington Beach city, California","Huntington Beach, CA",199223,7377.920637
4845744,"McKinney city, Texas","McKinney, TX",199177,2975.476222
151000,"Montgomery city, Alabama","Montgomery, AL",198525,1241.693995
1304204,"Augusta-Richmond County consolidated government (balance), Georgia","Augusta-Richmond County, GA",197888,654.6638167
1703012,"Aurora city, Illinois","Aurora, IL",197757,4393.737572
3901000,"Akron city, Ohio","Akron, OH",197597,3190.507296
541000,"Little Rock city, Arkansas","Little Rock, AR",197312,1644.380568
473000,"Tempe city, Arizona","Tempe, AZ",195805,4897.891281
1319000,"Columbus city, Georgia","Columbus, GA",195769,904.3316819
2053775,"Overland Park city, Kansas","Overland Park, KS",195494,2600.334443
4830464,"Grand Prairie city, Texas","Grand Prairie, TX",194543,2692.455873
1270600,"Tallahassee city, Florida","Tallahassee, FL",194500,1935.827104
1210275,"Cape Coral city, Florida","Cape Coral, FL",194495,1835.751349
150000,"Mobile city, Alabama","Mobile, AL",188720,1353.172607
4740000,"Knoxville city, Tennessee","Knoxville, TN",187603,1900.497463
2270000,"Shreveport city, Louisiana","Shreveport, LA",187112,1742.826627
2582000,"Worcester city, Massachusetts","Worcester, MA",185428,4963.270214
653896,"Ontario city, California","Ontario, CA",185010,3702.94657
5374060,"Vancouver city, Washington","Vancouver, WA",184463,3784.329699
4659020,"Sioux Falls city, South Dakota","Sioux Falls, SD",183793,2349.424695
4714000,"Chattanooga city, Tennessee","Chattanooga, TN",182799,1278.642676
4810768,"Brownsville city, Texas","Brownsville, TX",182781,1381.337034
1224000,"Fort Lauderdale city, Florida","Fort Lauderdale, FL",182437,5274.865227
4459000,"Providence city, Rhode Island","Providence, RI",179883,9773.276167
5156000,"Newport News city, Virginia","Newport News, VA",179225,2597.756818
659451,"Rancho Cucamonga city, California","Rancho Cucamonga, CA",177603,4427.140681
670098,"Santa Rosa city, California","Santa Rosa, CA",176753,4157.02393
454050,"Peoria city, Arizona","Peoria, AZ",175961,999.8382803
653322,"Oceanside city, California","Oceanside, CA",175742,4259.838877
622020,"Elk Grove city, California","Elk Grove, CA",174775,4158.078111
4164900,"Salem city, Oregon","Salem, OR",174365,3581.02487
1255775,"Pembroke Pines city, Florida","Pembroke Pines, FL",173591,5312.942022
4123850,"Eugene city, Oregon","Eugene, OR",172622,3910.985824
629000,"Garden Grove city, California","Garden Grove, CA",171644,9558.458822
3710740,"Cary town, North Carolina","Cary, NC",170282,2899.63302
827425,"Fort Collins city, Colorado","Fort Collins, CO",170243,2977.189626
616350,"Corona city, California","Corona, CA",169868,4248.198563
2970000,"Springfield city, Missouri","Springfield, MO",167882,2037.606642
2836000,"Jackson city, Mississippi","Jackson, MS",160628,1445.974404
5101000,"Alexandria city, Virginia","Alexandria, VA",159428,10675.36695
633000,"Hayward city, California","Hayward, CA",159203,3496.110352
4715160,"Clarksville city, Tennessee","Clarksville, TN",158146,1600.725657
843000,"Lakewood city, Colorado","Lakewood, CO",157935,3668.937509
640130,"Lancaster city, California","Lancaster, CA",157601,1671.604681
664224,"Salinas city, California","Salinas, CA",155465,6635.751836
655156,"Palmdale city, California","Palmdale, CA",155079,1461.957633
1232000,"Hollywood city, Florida","Hollywood, FL",154817,5677.36466
2567000,"Springfield city, Massachusetts","Springfield, MA",153606,4819.924683
1349008,"Macon-Bibb County, Georgia","Macon-Bibb County, GA",153159,614.1136943
2036000,"Kansas City city, Kansas","Kansas City, KS",152960,1225.495168
677000,"Sunnyvale city, California","Sunnyvale, CA",152703,6931.598826
658072,"Pomona city, California","Pomona, CA",151691,6600.35215
4839148,"Killeen city, Texas","Killeen, TX",151666,2780.57482
622804,"Escondido city, California","Escondido, CA",151625,4063.449016
4856000,"Pasadena city, Texas","Pasadena, TX",151227,3469.625578
1751622,"Naperville city, Illinois","Naperville, IL",148449,3824.906321
5305210,"Bellevue city, Washington","Bellevue, WA",148164,4427.952503
1738570,"Joliet city, Illinois","Joliet, IL",147344,2296.799261
4751560,"Murfreesboro city, Tennessee","Murfreesboro, TN",146900,2380.514579
4848072,"Midland city, Texas","Midland, TX",146038,1963.328993
1765000,"Rockford city, Illinois","Rockford, IL",145609,2261.753943
3457000,"Paterson city, New Jersey","Paterson, NJ",145233,17262.48835
1369000,"Savannah city, Georgia","Savannah, GA",144464,1390.277313
908000,"Bridgeport city, Connecticut","Bridgeport, CT",144399,8988.737275
680000,"Torrance city, California","Torrance, CA",143592,6997.170229
4845384,"McAllen city, Texas","McAllen, TX",143268,2180.69842
3673000,"Syracuse city, New York","Syracuse, NY",142327,5686.353912
471510,"Surprise city, Arizona","Surprise, AZ",141664,1310.933056
4819972,"Denton city, Texas","Denton, TX",141541,1470.770171
662938,"Roseville city, California","Roseville, CA",141500,3210.181499
877290,"Thornton city, Colorado","Thornton, CO",141464,3941.468535
1245975,"Miramar city, Florida","Miramar, FL",141191,4893.486719
656000,"Pasadena city, California","Pasadena, CA",141029,6142.714229
4847892,"Mesquite city, Texas","Mesquite, TX",140937,2982.681657
2052575,"Olathe city, Kansas","Olathe, KS",140545,2280.03453
3921000,"Dayton city, Ohio","Dayton, OH",140407,2534.614842
4813024,"Carrollton city, Texas","Carrollton, TX",139248,3797.398244
4876000,"Waco city, Texas","Waco, TX",139236,1566.983305
653980,"Orange city, California","Orange, CA",138669,5402.862376
628000,"Fullerton city, California","Fullerton, CA",138632,6180.393227
4513330,"Charleston city, South Carolina","Charleston, SC",137566,1244.328781
4983470,"West Valley City city, Utah","West Valley City, UT",135248,3813.606237
682954,"Visalia city, California","Visalia, CA",134605,3549.290088
5135000,"Hampton city, Virginia","Hampton, VA",134510,2613.969769
1225175,"Gainesville city, Florida","Gainesville, FL",133997,2124.65646
2684000,"Warren city, Michigan","Warren, MI",133943,3898.233733
1214400,"Coral Springs city, Florida","Coral Springs, FL",133759,5850.075789
1912000,"Cedar Rapids city, Iowa","Cedar Rapids, IA",133562,1864.84313
4863500,"Round Rock city, Texas","Round Rock, TX",133372,3682.956201
2676460,"Sterling Heights city, Michigan","Sterling Heights, MI",132438,3634.964096
5335415,"Kent city, Washington","Kent, WA",132319,3920.610775
4516000,"Columbia city, South Carolina","Columbia, SC",131674,968.1923584
669084,"Santa Clara city, California","Santa Clara, CA",130365,7152.875527
952000,"New Haven city, Connecticut","New Haven, CT",130250,6968.940976
973000,"Stamford city, Connecticut","Stamford, CT",129638,3446.220696
616000,"Concord city, California","Concord, CA",129295,4231.430927
3421000,"Elizabeth city, New Jersey","Elizabeth, NJ",129216,10489.35776
1303440,"Athens-Clarke County unified government (balance), Georgia","Athens-Clarke County, GA",126913,1090.984161
678582,"Thousand Oaks city, California","Thousand Oaks, CA",126813,2294.672692
2240735,"Lafayette city, Louisiana","Lafayette, LA",126185,2273.779502
672016,"Simi Valley city, California","Simi Valley, CA",125613,3024.644568
2071000,"Topeka city, Kansas","Topeka, KS",125310,2039.466445
4052500,"Norman city, Oklahoma","Norman, OK",124880,698.3238934
3825700,"Fargo city, North Dakota","Fargo, ND",124662,2506.106682
3774440,"Wilmington city, North Carolina","Wilmington, NC",123744,2407.323642
4801000,"Abilene city, Texas","Abilene, TX",123420,1157.040892
4853388,"Odessa city, Texas","Odessa, TX",123334,2727.21717
2915670,"Columbia city, Missouri","Columbia, MO",123195,1878.843202
4856348,"Pearland city, Texas","Pearland, TX",122460,2542.778328
682590,"Victorville city, California","Victorville, CA",122385,1662.41137
937000,"Hartford city, Connecticut","Hartford, CT",122105,7025.81414
681666,"Vallejo city, California","Vallejo, CA",121692,3947.778629
4202000,"Allentown city, Pennsylvania","Allentown, PA",121442,6920.449809
606000,"Berkeley city, California","Berkeley, CA",121363,11587.1156
4861796,"Richardson city, Texas","Richardson, TX",121323,4247.268454
803455,"Arvada city, Colorado","Arvada, CO",121272,3126.788782
2603000,"Ann Arbor city, Michigan","Ann Arbor, MI",119980,4298.45294
2754880,"Rochester city, Minnesota","Rochester, MN",118935,2154.834007
2511000,"Cambridge city, Massachusetts","Cambridge, MA",118927,18601.34715
4870808,"Sugar Land city, Texas","Sugar Land, TX",118488,2926.74679
2646000,"Lansing city, Michigan","Lansing, MI",118210,3016.474674
1822000,"Evansville city, Indiana","Evansville, IN",117979,2493.331977
4815976,"College Station city, Texas","College Station, TX",117911,2305.115396
623182,"Fairfield city, California","Fairfield, CA",117133,2843.549157
1212875,"Clearwater city, Florida","Clearwater, FL",116946,4484.003823
4807000,"Beaumont city, Texas","Beaumont, TX",116825,1418.900991
2935000,"Independence city, Missouri","Independence, MO",116672,1495.961545
4962470,"Provo city, Utah","Provo, UT",116618,2798.661815
4982950,"West Jordan city, Utah","West Jordan, UT",116480,3603.351339
650076,"Murrieta city, California","Murrieta, CA",116223,3457.753012
1254000,"Palm Bay city, Florida","Palm Bay, FL",115552,1181.403657
622230,"El Monte city, California","El Monte, CA",115487,12077.25098
611194,"Carlsbad city, California","Carlsbad, CA",115382,3056.448749
4550875,"North Charleston city, South Carolina","North Charleston, SC",115382,1488.795617
678120,"Temecula city, California","Temecula, CA",114761,3079.379009
614218,"Clovis city, California","Clovis, CA",114584,4509.454332
1772000,"Springfield city, Illinois","Springfield, IL",114230,1874.361017
1652120,"Meridian city, Idaho","Meridian, ID",114161,3360.779539
883835,"Westminster city, Colorado","Westminster, CO",113166,3582.840514
616532,"Costa Mesa city, California","Costa Mesa, CA",113003,7154.130452
3731400,"High Point city, North Carolina","High Point, NC",112791,2014.692392
3345140,"Manchester city, New Hampshire","Manchester, NH",112673,3406.590449
862000,"Pueblo city, Colorado","Pueblo, CO",112361,2044.385862
1238250,"Lakeland city, Florida","Lakeland, FL",112136,1695.559221
1258050,"Pompano Beach city, Florida","Pompano Beach, FL",112118,4668.086833
1276600,"West Palm Beach city, Florida","West Palm Beach, FL",111955,2080.640512
602252,"Antioch city, California","Antioch, CA",111502,3799.061879
5322640,"Everett city, Washington","Everett, WA",111475,3357.891348
619766,"Downey city, California","Downey, CA",111126,8955.935686
2537000,"Lowell city, Massachusetts","Lowell, MA",110997,8157.327827
812815,"Centennial city, Colorado","Centennial, CO",110937,3750.57213
1723074,"Elgin city, Illinois","Elgin, IL",110849,2955.902148
660620,"Richmond city, California","Richmond, CA",110567,3678.800814
1759000,"Peoria city, Illinois","Peoria, IL",110417,2300.304578
4009050,"Broken Arrow city, Oklahoma","Broken Arrow, OK",110198,1783.648155
1245060,"Miami Gardens city, Florida","Miami Gardens, FL",110001,6034.505313
3006550,"Billings city, Montana","Billings, MT",109577,2456.088234
637692,"Jurupa Valley city, California","Jurupa Valley, CA",109527,2550.64055
1368516,"Sandy Springs city, Georgia","Sandy Springs, GA",109452,2906.796915
4131250,"Gresham city, Oregon","Gresham, OR",109381,4684.040431
4842508,"Lewisville city, Texas","Lewisville, TX",109212,2975.854646
4134100,"Hillsboro city, Oregon","Hillsboro, OR",109128,4247.709486
665042,"San Buenaventura (Ventura) city, California","San Buenaventura (Ventura), CA",109106,4986.01426
832155,"Greeley city, Colorado","Greeley, CO",108649,2223.804278
636546,"Inglewood city, California","Inglewood, CA",108151,11926.6983
980000,"Waterbury city, Connecticut","Waterbury, CT",107568,3771.374395
4841980,"League City city, Texas","League City, TX",107536,2097.819423
669196,"Santa Maria city, California","Santa Maria, CA",107263,4703.232408
4874144,"Tyler city, Texas","Tyler, TX",106985,1862.079448
1216475,"Davie town, Florida","Davie, FL",106306,3044.498126
617918,"Daly City city, California","Daly City, CA",106280,13909.43376
807850,"Boulder city, Colorado","Boulder, CO",105673,4019.114552
4801924,"Allen city, Texas","Allen, TX",105623,4001.244338
684200,"West Covina city, California","West Covina, CA",105101,6551.921776
3268400,"Sparks city, Nevada","Sparks, NV",105006,2931.124076
4879000,"Wichita Falls city, Texas","Wichita Falls, TX",104683,1453.720557
5531000,"Green Bay city, Wisconsin","Green Bay, WI",104578,2299.667384
668252,"San Mateo city, California","San Mateo, CA",104430,8580.079532
652526,"Norwalk city, California","Norwalk, CA",103949,10706.95418
660466,"Rialto city, California","Rialto, CA",103526,4313.999398
3539380,"Las Cruces city, New Mexico","Las Cruces, NM",103432,1344.433146
613014,"Chico city, California","Chico, CA",103301,3087.059437
621712,"El Cajon city, California","El Cajon, CA",102708,7077.3729
608954,"Burbank city, California","Burbank, CA",102511,5920.328133
1871000,"South Bend city, Indiana","South Bend, IN",102026,2431.36479
5357745,"Renton city, Washington","Renton, WA",101751,4341.998568
682996,"Vista city, California","Vista, CA",101638,5421.399556
1919000,"Davenport city, Iowa","Davenport, IA",101590,1598.859663
4822660,"Edinburg city, Texas","Edinburg, TX",101170,2261.530015
177256,"Tuscaloosa city, Alabama","Tuscaloosa, AL",101129,1635.10357
1810342,"Carmel city, Indiana","Carmel, IN",101068,2060.228531
5367167,"Spokane Valley city, Washington","Spokane Valley, WA",101060,2679.244652
4864472,"San Angelo city, Texas","San Angelo, TX",101004,1693.585811
681554,"Vacaville city, California","Vacaville, CA",100670,3444.925089
4105800,"Bend city, Oregon","Bend, OR",100421,3033.707006
5539225,"Kenosha city, Wisconsin","Kenosha, WI",99944,3570.182488
1207300,"Boca Raton city, Florida","Boca Raton, FL",99805,3420.4427
2941348,"Lee's Summit city, Missouri","Lee's Summit, MO",99357,1556.863014
1656260,"Nampa city, Idaho","Nampa, ID",99277,3024.911761
3563460,"Rio Rancho city, New Mexico","Rio Rancho, NM",99178,958.9742104
1372122,"South Fulton city, Georgia","South Fulton, GA",99155,1169.418769
5168000,"Roanoke city, Virginia","Roanoke, VA",99143,2331.612153
4105350,"Beaverton city, Oregon","Beaverton, OR",99037,5057.335474
485540,"Yuma city, Arizona","Yuma, AZ",98285,810.8604202
2038900,"Lawrence city, Kansas","Lawrence, KS",98193,2876.111523
4957300,"Orem city, Utah","Orem, UT",97828,5294.679073
845970,"Longmont city, Colorado","Longmont, CO",97261,3384.2367
668196,"San Marcos city, California","San Marcos, CA",96664,3968.688025
3601000,"Albany city, New York","Albany, NY",96460,4506.87493
4967440,"Sandy city, Utah","Sandy, UT",96380,3999.657039
3714100,"Concord city, North Carolina","Concord, NC",96341,1517.144388
5323515,"Federal Way city, Washington","Federal Way, WA",96289,4318.780813
633434,"Hesperia city, California","Hesperia, CA",95750,1316.994297
2509000,"Brockton city, Massachusetts","Brockton, MA",95708,4486.462501
615044,"Compton city, California","Compton, CA",95605,9533.351906
2629000,"Flint city, Michigan","Flint, MI",95538,2857.488236
4224000,"Erie city, Pennsylvania","Erie, PA",95508,4989.033021
2545000,"New Bedford city, Massachusetts","New Bedford, MA",95363,4768.167766
1823278,"Fishers city, Indiana","Fishers, IN",95310,2687.335349
1269700,"Sunrise city, Florida","Sunrise, FL",95166,5880.474994
1367284,"Roswell city, Georgia","Roswell, GA",94763,2327.256346
646842,"Menifee city, California","Menifee, CA",94756,2038.984518
680238,"Tracy city, California","Tracy, CA",94740,3659.099082
1257425,"Plantation city, Florida","Plantation, FL",94580,4365.489329
2555745,"Quincy city, Massachusetts","Quincy, MA",94470,5700.298154
5164000,"Portsmouth city, Virginia","Portsmouth, VA",94398,2834.721871
648256,"Mission Viejo city, California","Mission Viejo, CA",94381,5331.945805
613210,"Chino city, California","Chino, CA",94371,3184.460888
2537490,"Lynn city, Massachusetts","Lynn, MA",94299,8777.268435
4023200,"Edmond city, Oklahoma","Edmond, OK",94054,1110.50612
2621000,"Dearborn city, Michigan","Dearborn, MI",93932,3876.01637
2649000,"Livonia city, Michigan","Livonia, MI",93665,2624.041568
5380010,"Yakima city, Washington","Yakima, WA",93637,3368.861215
673080,"South Gate city, California","South Gate, CA",93444,12913.38221
3728080,"Greenville city, North Carolina","Greenville, NC",93400,2621.415744
4041850,"Lawton city, Oklahoma","Lawton, OK",93025,1142.374081
5335940,"Kirkland city, Washington","Kirkland, WA",93010,5223.109642
3702140,"Asheville city, North Carolina","Asheville, NC",92870,2037.864968
1217200,"Deltona city, Florida","Deltona, FL",92757,2488.57172
659920,"Redding city, California","Redding, CA",92590,1552.300318
5305280,"Bellingham city, Washington","Bellingham, WA",92314,3334.296265
5176432,"Suffolk city, Virginia","Suffolk, VA",92108,230.7583585
636448,"Indio city, California","Indio, CA",91765,2761.775941
4548535,"Mount Pleasant town, South Carolina","Mount Pleasant, SC",91684,1858.271242
611530,"Carson city, California","Carson, CA",91394,4879.440701
669070,"Santa Barbara city, California","Santa Barbara, CA",91364,4684.775017
4816432,"Conroe city, Texas","Conroe, TX",91079,1265.881485
684550,"Westminster city, California","Westminster, CA",90643,9028.900967
670000,"Santa Monica city, California","Santa Monica, CA",90401,10742.83229
4850820,"New Braunfels city, Texas","New Braunfels, TX",90209,1996.296597
641992,"Livermore city, California","Livermore, CA",90189,3337.444161
1254200,"Palm Coast city, Florida","Palm Coast, FL",89800,944.4019614
4965330,"St. George city, Utah","St. George, UT",89587,1165.089271
2523000,"Fall River city, Massachusetts","Fall River, MA",89541,2704.012746
3350260,"Nashua city, New Hampshire","Nashua, NH",89355,2897.922645
1712385,"Champaign city, Illinois","Champaign, IL",88909,3893.811803
1245025,"Miami Beach city, Florida","Miami Beach, FL",88885,11555.28468
955990,"Norwalk city, Connecticut","Norwalk, CT",88816,3880.750101
668084,"San Leandro city, California","San Leandro, CA",88815,6657.317652
2954074,"O'Fallon city, Missouri","O'Fallon, MO",88673,2977.513692
2545560,"Newton city, Massachusetts","Newton, MA",88414,4959.354665
4263624,"Reading city, Pennsylvania","Reading, PA",88375,8978.478363
404720,"Avondale city, Arizona","Avondale, AZ",87931,1943.268503
524550,"Fort Smith city, Arkansas","Fort Smith, AR",87891,1388.616292
613588,"Citrus Heights city, California","Citrus Heights, CA",87796,6168.801691
4955980,"Ogden city, Utah","Ogden, UT",87773,3187.884706
523290,"Fayetteville city, Arkansas","Fayetteville, AR",87590,1621.211915
1224125,"Fort Myers city, Florida","Fort Myers, FL",87103,2186.310935
428380,"Goodyear city, Arizona","Goodyear, AZ",86840,454.195276
4810912,"Bryan city, Texas","Bryan, TX",86276,1880.730082
1779293,"Waukegan city, Illinois","Waukegan, IL",86075,3548.548008
632548,"Hawthorne city, California","Hawthorne, CA",86068,14149.34741
660102,"Redwood City city, California","Redwood City, CA",85925,4459.892389
135896,"Hoover city, Alabama","Hoover, AL",85768,1791.095778
1805860,"Bloomington city, Indiana","Bloomington, IN",85755,3690.64228
2717000,"Duluth city, Minnesota","Duluth, MN",85618,1194.903795
639496,"Lake Forest city, California","Lake Forest, CA",85531,5142.440173
633182,"Hemet city, California","Hemet, CA",85334,2915.78792
685292,"Whittier city, California","Whittier, CA",85098,5809.194854
3413690,"Clifton city, New Jersey","Clifton, NJ",85052,7545.992412
1239425,"Largo city, Florida","Largo, FL",84948,4594.350169
2706616,"Bloomington city, Minnesota","Bloomington, MN",84943,2447.711781
918430,"Danbury city, Connecticut","Danbury, CT",84694,2019.0546
3570500,"Santa Fe city, New Mexico","Santa Fe, NM",84683,1621.248917
1342425,"Johns Creek city, Georgia","Johns Creek, GA",84579,2744.882534
651182,"Newport Beach city, California","Newport Beach, CA",84534,3549.560673
5335275,"Kennewick city, Washington","Kennewick, WA",84347,3072.810645
4848768,"Mission city, Texas","Mission, TX",84331,2372.841039
647766,"Milpitas city, California","Milpitas, CA",84196,6166.836726
2680700,"Troy city, Michigan","Troy, MI",84092,2514.318501
613214,"Chino Hills city, California","Chino Hills, CA",83853,1876.61207
600884,"Alhambra city, California","Alhambra, CA",83750,10974.95465
646898,"Merced city, California","Merced, CA",83676,3602.619287
3474000,"Trenton city, New Jersey","Trenton, NJ",83203,10978.70983
4727740,"Franklin city, Tennessee","Franklin, TN",83097,1998.326363
4147000,"Medford city, Oregon","Medford, OR",83072,3221.916077
1243975,"Melbourne city, Florida","Melbourne, FL",83029,1884.297709
645484,"Manteca city, California","Manteca, CA",83028,3881.865049
649670,"Mountain View city, California","Mountain View, CA",82739,6900.345497
1973335,"Sioux City city, Iowa","Sioux City, IA",82651,1413.927787
5147672,"Lynchburg city, Virginia","Lynchburg, VA",82168,1677.782134
608786,"Buena Park city, California","Buena Park, CA",81788,7775.284577
657792,"Pleasanton city, California","Pleasanton, CA",81777,3386.650683
4843888,"Longview city, Texas","Longview, TX",81631,1464.037687
2686000,"Westland city, Michigan","Westland, MI",81511,3989.440908
5303180,"Auburn city, Washington","Auburn, WA",81464,2754.849065
4419180,"Cranston city, Rhode Island","Cranston, RI",81456,2873.859842
2562535,"Somerville city, Massachusetts","Somerville, MA",81360,19735.11035
624638,"Folsom city, California","Folsom, CA",81328,2916.353923
566080,"Springdale city, Arkansas","Springdale, AR",81125,1730.267121
1216725,"Deerfield Beach city, Florida","Deerfield Beach, FL",81066,5423.069684
4474300,"Warwick city, Rhode Island","Warwick, RI",81004,2314.421855
1714351,"Cicero town, Illinois","Cicero, IL",80796,13775.85172
2627440,"Farmington Hills city, Michigan","Farmington Hills, MI",80612,2423.142192
2707966,"Brooklyn Park city, Minnesota","Brooklyn Park, MN",80389,3082.997767
2534550,"Lawrence city, Massachusetts","Lawrence, MA",80028,11546.92601
2751730,"Plymouth city, Minnesota","Plymouth, MN",79768,2438.559329
407940,"Buckeye city, Arizona","Buckeye, AZ",79620,202.5368101
4829336,"Georgetown city, Texas","Georgetown, TX",79604,1451.291549
4813552,"Cedar Park city, Texas","Cedar Park, TX",79462,3128.188401
680854,"Tustin city, California","Tustin, CA",79348,7136.825873
639892,"Lakewood city, California","Lakewood, CA",79307,8426.125623
656700,"Perris city, California","Perris, CA",79291,2512.311748
4826232,"Flower Mound town, Texas","Flower Mound, TX",79135,1887.534382
4857200,"Pharr city, Texas","Pharr, TX",79112,3347.805653
846465,"Loveland city, Colorado","Loveland, CO",78877,2292.604804
1207875,"Boynton Beach city, Florida","Boynton Beach, FL",78679,4871.579548
3650617,"New Rochelle city, New York","New Rochelle, NY",78557,7589.846094
4872176,"Temple city, Texas","Temple, TX",78439,1112.973297
2241155,"Lake Charles city, Louisiana","Lake Charles, LA",78396,1746.422225
535710,"Jonesboro city, Arkansas","Jonesboro, AR",78394,977.8443481
650258,"Napa city, California","Napa, CA",78130,4351.117284
3961000,"Parma city, Ohio","Parma, OH",78103,3901.761854
4943660,"Layton city, Utah","Layton, UT",78014,3468.402235
600562,"Alameda city, California","Alameda, CA",77624,7429.059702
1380508,"Warner Robins city, Georgia","Warner Robins, GA",77617,2085.637867
4652980,"Rapid City city, South Dakota","Rapid City, SD",77503,1416.528421
1706613,"Bloomington city, Illinois","Bloomington, IL",77330,2850.412696
3725580,"Gastonia city, North Carolina","Gastonia, NC",77273,1496.162477
4806128,"Baytown city, Texas","Baytown, TX",77192,2092.707116
681344,"Upland city, California","Upland, CA",77140,4941.423007
5566000,"Racine city, Wisconsin","Racine, WI",76760,4960.586501
4269000,"Scranton city, Pennsylvania","Scranton, PA",76653,3028.852175
4970850,"South Jordan city, Utah","South Jordan, UT",76598,3447.537262
604982,"Bellflower city, California","Bellflower, CA",76435,12491.20623
2642160,"Kalamazoo city, Michigan","Kalamazoo, MI",76200,3089.307162
668378,"San Ramon city, California","San Ramon, CA",75995,4066.757918
4206088,"Bethlehem city, Pennsylvania","Bethlehem, PA",75815,3966.191544
2688940,"Wyoming city, Michigan","Wyoming, MI",75667,3072.219182
1831000,"Hammond city, Indiana","Hammond, IN",75522,3320.681883
3050200,"Missoula city, Montana","Missoula, MT",75516,2191.012994
4848804,"Missouri City city, Texas","Missouri City, TX",75457,2598.119895
5353545,"Pasco city, Washington","Pasco, WA",75432,2224.029328
603666,"Baldwin Park city, California","Baldwin Park, CA",75251,11347.93718
1938595,"Iowa City city, Iowa","Iowa City, IA",75130,2934.711484
659444,"Rancho Cordova city, California","Rancho Cordova, CA",75087,2144.025878
4561405,"Rock Hill city, South Carolina","Rock Hill, SC",75048,1944.973181
423620,"Flagstaff city, Arizona","Flagstaff, AZ",75038,1136.542772
1827000,"Gary city, Indiana","Gary, IN",74879,1505.856341
2964550,"St. Joseph city, Missouri","St. Joseph, MO",74875,1700.498806
1702154,"Arlington Heights village, Illinois","Arlington Heights, IL",74760,4502.291096
1707133,"Bolingbrook village, Illinois","Bolingbrook, IL",74545,3027.883098
2669035,"Rochester Hills city, Michigan","Rochester Hills, MI",74516,2271.578407
2524960,"Framingham city, Massachusetts","Framingham, MA",74416,2971.428068
681204,"Union City city, California","Union City, CA",74107,3820.012939
5502375,"Appleton city, Wisconsin","Appleton, WI",74098,2995.879824
680812,"Turlock city, California","Turlock, CA",73631,4350.905768
3410000,"Camden city, New Jersey","Camden, NJ",73562,8248.269798
3807200,"Bismarck city, North Dakota","Bismarck, ND",73529,2143.857034
1724582,"Evanston city, Illinois","Evanston, IL",73473,9444.566041
602364,"Apple Valley town, California","Apple Valley, CA",73453,980.3414509
1768003,"Schaumburg village, Illinois","Schaumburg, IL",72887,3775.73345
2771428,"Woodbury city, Minnesota","Woodbury, MN",72828,2087.112826
1236950,"Kissimmee city, Florida","Kissimmee, FL",72717,3494.690434
2674900,"Southfield city, Michigan","Southfield, MI",72689,2768.602573
2740166,"Maple Grove city, Minnesota","Maple Grove, MN",72622,2229.536785
657456,"Pittsburg city, California","Pittsburg, CA",72588,4114.934942
950370,"New Britain city, Connecticut","New Britain, CT",72495,5428.328447
3734200,"Jacksonville city, North Carolina","Jacksonville, NC",72436,1488.876177
4846452,"Mansfield city, Texas","Mansfield, TX",72419,1974.775085
5584250,"Waukesha city, Wisconsin","Waukesha, WI",72299,2832.86121
2430325,"Frederick city, Maryland","Frederick, MD",72244,3037.294977
1301052,"Albany city, Georgia","Albany, GA",72130,1309.9061
4454640,"Pawtucket city, Rhode Island","Pawtucket, RI",72117,8320.694719
5357535,"Redmond city, Washington","Redmond, WA",71929,4341.723137
1239550,"Lauderhill city, Florida","Lauderhill, FL",71868,8435.536109
1840788,"Lafayette city, Indiana","Lafayette, IN",71721,2441.304037
2829700,"Gulfport city, Mississippi","Gulfport, MS",71705,1288.991431
659962,"Redlands city, California","Redlands, CA",71513,1994.344186
1276582,"Weston city, Florida","Weston, FL",71166,2893.784641
2964082,"St. Charles city, Missouri","St. Charles, MO",71028,2861.679817
1718823,"Decatur city, Illinois","Decatur, IL",70746,1671.692606
1249675,"North Port city, Florida","North Port, FL",70724,712.0740401
4852356,"North Richland Hills city, Texas","North Richland Hills, TX",70670,3897.981883
4530850,"Greenville city, South Carolina","Greenville, SC",70635,2383.138619
2108902,"Bowling Green city, Kentucky","Bowling Green, KY",70543,1788.487643
809280,"Broomfield city, Colorado","Broomfield, CO",70465,2135.074184
3912000,"Canton city, Ohio","Canton, OH",70447,2694.73161
5343955,"Marysville city, Washington","Marysville, WA",70298,3387.977785
683346,"Walnut Creek city, California","Walnut Creek, CA",70166,3551.533609
1077580,"Wilmington city, Delaware","Wilmington, DE",70166,6434.825023
610046,"Camarillo city, California","Camarillo, CA",69888,3551.280952
644574,"Lynwood city, California","Lynwood, CA",69887,14439.32219
4944320,"Lehi city, Utah","Lehi, UT",69724,2486.512984
3456550,"Passaic city, New Jersey","Passaic, NJ",69703,22248.40378
1232275,"Homestead city, Florida","Homestead, FL",69523,4609.112228
1217100,"Delray Beach city, Florida","Delray Beach, FL",69451,4365.101741
618100,"Davis city, California","Davis, CA",69413,7020.583903
639486,"Lake Elsinore city, California","Lake Elsinore, CA",69283,1810.623077
1216525,"Daytona Beach city, Florida","Daytona Beach, FL",69186,1053.874341
121184,"Dothan city, Alabama","Dothan, AL",68941,768.0542834
662364,"Rocklin city, California","Rocklin, CA",68823,3474.144397
5522300,"Eau Claire city, Wisconsin","Eau Claire, WI",68802,2104.283559
560410,"Rogers city, Arkansas","Rogers, AR",68669,1774.843974
812415,"Castle Rock town, Colorado","Castle Rock, CO",68484,1997.194357
2756896,"St. Cloud city, Minnesota","St. Cloud, MN",68462,1711.611509
2208920,"Bossier City city, Louisiana","Bossier City, LA",68159,1567.616558
2467675,"Rockville city, Maryland","Rockville, MD",68079,5008.391063
1851876,"Muncie city, Indiana","Muncie, IN",67999,2481.405464
2431175,"Gaithersburg city, Maryland","Gaithersburg, MD",67985,6588.923437
3474630,"Union City city, New Jersey","Union City, NJ",67982,52821.66362
1983910,"West Des Moines city, Iowa","West Des Moines, IA",67899,1441.77303
673262,"South San Francisco city, California","South San Francisco, CA",67789,7347.981382
686832,"Yorba Linda city, California","Yorba Linda, CA",67644,3409.06653
515190,"Conway city, Arkansas","Conway, AR",67638,1469.306659
642202,"Lodi city, California","Lodi, CA",67586,4955.7168
1757225,"Palatine village, Illinois","Palatine, IL",67482,4963.170148
1902305,"Ankeny city, Iowa","Ankeny, IA",67355,2235.010238
3649121,"Mount Vernon city, New York","Mount Vernon, NY",67345,15360.9946
4863572,"Rowlett city, Texas","Rowlett, TX",67339,3223.290155
1982425,"Waterloo city, Iowa","Waterloo, IA",67328,1096.746712
2735180,"Lakeville city, Minnesota","Lakeville, MN",67317,1853.46047
1301696,"Alpharetta city, Georgia","Alpharetta, GA",67213,2498.53062
4737640,"Jackson city, Tennessee","Jackson, TN",67191,1152.474868
686972,"Yuba City city, California","Yuba City, CA",67010,4497.203819
5560500,"Oshkosh city, Wisconsin","Oshkosh, WI",67004,2482.54519
4875428,"Victoria city, Texas","Victoria, TX",66916,1799.112531
4738320,"Johnson City city, Tennessee","Johnson City, TN",66906,1552.725347
660018,"Redondo Beach city, California","Redondo Beach, CA",66749,10770.27815
1270675,"Tamarac city, Florida","Tamarac, FL",66721,5716.117701
639248,"Laguna Niguel city, California","Laguna Niguel, CA",66385,4503.432437
2717288,"Eagan city, Minnesota","Eagan, MN",66372,2127.700216
2239475,"Kenner city, Louisiana","Kenner, LA",66340,4458.216431
103076,"Auburn city, Alabama","Auburn, AL",66259,1102.841124
1901855,"Ames city, Iowa","Ames, IA",66258,2423.485463
2360545,"Portland city, Maine","Portland, ME",66215,3069.920056
550450,"North Little Rock city, Arkansas","North Little Rock, AR",65903,1259.252026
5361115,"Sammamish city, Washington","Sammamish, WA",65892,3225.558591
645022,"Madera city, California","Madera, CA",65860,4033.079515
2064500,"Shawnee city, Kansas","Shawnee, KS",65807,1567.785683
1235875,"Jupiter town, Florida","Jupiter, FL",65791,3042.091071
1217935,"Doral city, Florida","Doral, FL",65741,4757.782958
2706382,"Blaine city, Minnesota","Blaine, MN",65607,1993.764756
680644,"Tulare city, California","Tulare, CA",65496,3215.157009
3988000,"Youngstown city, Ohio","Youngstown, OH",65469,1929.476099
1275812,"Wellington village, Florida","Wellington, FL",65398,1454.353873
4857176,"Pflugerville city, Texas","Pflugerville, TX",65380,2623.704448
655282,"Palo Alto city, California","Palo Alto, CA",65364,2740.249057
3665508,"Schenectady city, New York","Schenectady, NY",65273,6048.202605
4832372,"Harlingen city, Texas","Harlingen, TX",65022,1622.34407
3403580,"Bayonne city, New Jersey","Bayonne, NJ",64897,11147.83938
2718116,"Eden Prairie city, Minnesota","Eden Prairie, MN",64893,1995.216683
1258575,"Port Orange city, Florida","Port Orange, FL",64842,2418.689942
620018,"Dublin city, California","Dublin, CA",64826,4256.881498
4865600,"San Marcos city, Texas","San Marcos, TX",64776,1897.539796
1854180,"Noblesville city, Indiana","Noblesville, IN",64668,1882.50015
669112,"Santa Cruz city, California","Santa Cruz, CA",64608,5071.164483
5537825,"Janesville city, Wisconsin","Janesville, WI",64575,1896.452082
665084,"San Clemente city, California","San Clemente, CA",64558,3517.430853
608142,"Brentwood city, California","Brentwood, CA",64474,4339.030624
3419390,"East Orange city, New Jersey","East Orange, NJ",64367,16388.4149
5613900,"Cheyenne city, Wyoming","Cheyenne, WY",64235,1998.804369
621230,"Eastvale city, California","Eastvale, CA",64157,5063.120872
3711800,"Chapel Hill town, North Carolina","Chapel Hill, NC",64051,2975.334859
2529405,"Haverhill city, Massachusetts","Haverhill, MA",64014,1937.683433
3944856,"Lorain city, Ohio","Lorain, OH",63855,2697.344552
831660,"Grand Junction city, Colorado","Grand Junction, CO",63597,1609.001133
4169600,"Springfield city, Oregon","Springfield, OR",63230,3992.607298
2713114,"Coon Rapids city, Minnesota","Coon Rapids, MN",62998,2786.48257
1639700,"Idaho Falls city, Idaho","Idaho Falls, ID",62888,2620.415496
1249450,"North Miami city, Florida","North Miami, FL",62822,7452.151142
622678,"Encinitas city, California","Encinitas, CA",62709,3291.14474
1770122,"Skokie village, Illinois","Skokie, IL",62700,6230.083263
4842016,"Leander city, Texas","Leander, TX",62608,1670.458376
2572600,"Waltham city, Massachusetts","Waltham, MA",62495,4904.059689
1916860,"Council Bluffs city, Iowa","Council Bluffs, IA",62166,1448.162911
3933012,"Hamilton city, Ohio","Hamilton, OH",62082,2894.249511
4049200,"Moore city, Oklahoma","Moore, OK",62055,2835.723065
656924,"Pico Rivera city, California","Pico Rivera, CA",62027,7477.765378
648816,"Montebello city, California","Montebello, CA",61954,7435.703825
4950150,"Millcreek city, Utah","Millcreek, UT",61450,4815.514946
1263650,"Sanford city, Florida","Sanford, FL",61448,2631.422411
650398,"National City city, California","National City, CA",61394,8418.849492
2708794,"Burnsville city, Minnesota","Burnsville, MN",61339,2470.242589
1213275,"Coconut Creek city, Florida","Coconut Creek, FL",61248,5485.234001
5338038,"Lakewood city, Washington","Lakewood, WA",61037,3578.134473
2679000,"Taylor city, Michigan","Taylor, MI",60922,2580.773602
2659440,"Novi city, Michigan","Novi, MI",60896,2013.384023
1349756,"Marietta city, Georgia","Marietta, GA",60867,2600.481398
1250750,"Ocala city, Florida","Ocala, FL",60786,1285.06009
1875428,"Terre Haute city, Indiana","Terre Haute, IN",60622,1754.664155
686328,"Woodland city, California","Woodland, CA",60548,3955.648051
656784,"Petaluma city, California","Petaluma, CA",60520,4198.365196
639290,"La Habra city, California","La Habra, CA",60513,8228.605874
2537875,"Malden city, Massachusetts","Malden, MA",60470,11987.44822
816495,"Commerce City city, Colorado","Commerce City, CO",60336,1688.74295
2158620,"Owensboro city, Kentucky","Owensboro, KY",60131,2933.107535
908420,"Bristol city, Connecticut","Bristol, CT",59947,2270.172876
5585300,"West Allis city, Wisconsin","West Allis, WI",59890,5262.150601
4975360,"Taylorsville city, Utah","Taylorsville, UT",59805,5511.807355
3676540,"Utica city, New York","Utica, NY",59750,3565.127283
648914,"Monterey Park city, California","Monterey Park, CA",59669,7776.303481
1207525,"Bonita Springs city, Florida","Bonita Springs, FL",59637,1555.801832
658240,"Porterville city, California","Porterville, CA",59599,3202.63939
1829898,"Greenwood city, Indiana","Greenwood, IN",59458,2130.608191
4703440,"Bartlett city, Tennessee","Bartlett, TN",59440,1841.416239
1207950,"Bradenton city, Florida","Bradenton, FL",59439,4135.10459
3476070,"Vineland city, New Jersey","Vineland, NJ",59439,869.0751366
2665440,"Pontiac city, Michigan","Pontiac, MI",59438,2989.019661
946450,"Meriden city, Connecticut","Meriden, CT",59395,2495.71437
628168,"Gardena city, California","Gardena, CA",59329,10177.97774
3701520,"Apex town, North Carolina","Apex, NC",59300,2850.421706
2670040,"Royal Oak city, Michigan","Royal Oak, MI",59277,5026.798443
617610,"Cupertino city, California","Cupertino, CA",59276,5240.456076
4241216,"Lancaster city, Pennsylvania","Lancaster, PA",59265,8200.146903
640004,"La Mesa city, California","La Mesa, CA",59249,6514.725616
629504,"Gilroy city, California","Gilroy, CA",59032,3569.676416
2670760,"St. Clair Shores city, Michigan","St. Clair Shores, MI",58984,5049.685819
1719642,"Des Plaines city, Illinois","Des Plaines, IL",58899,4140.09891
3974118,"Springfield city, Ohio","Springfield, OH",58877,2286.999506
4115800,"Corvallis city, Oregon","Corvallis, OR",58856,4124.631641
1243125,"Margate city, Florida","Margate, FL",58796,6711.933348
2408775,"Bowie city, Maryland","Bowie, MD",58643,2965.509677
410530,"Casa Grande city, Arizona","Casa Grande, AZ",58632,529.9932643
1612250,"Caldwell city, Idaho","Caldwell, ID",58481,2586.031722
668364,"San Rafael city, California","San Rafael, CA",58440,3527.383617
3032800,"Great Falls city, Montana","Great Falls, MT",58434,2543.806596
1264175,"Sarasota city, Florida","Sarasota, FL",58285,3959.362308
5358235,"Richland city, Washington","Richland, WA",58225,1484.626862
2965126,"St. Peters city, Missouri","St. Peters, MO",58212,2598.27649
4733280,"Hendersonville city, Tennessee","Hendersonville, TN",58113,1851.144848
3681677,"White Plains city, New York","White Plains, NY",58109,5934.036876
3733120,"Huntersville town, North Carolina","Huntersville, NC",58098,1426.471182
670224,"Santee city, California","Santee, CA",58081,3511.861212
1840392,"Kokomo city, Indiana","Kokomo, IN",58020,1581.757919
602462,"Arcadia city, California","Arcadia, CA",57939,5303.475705
5613150,"Casper city, Wyoming","Casper, WY",57931,2183.999938
1922395,"Dubuque city, Iowa","Dubuque, IA",57882,1890.58697
1756640,"Orland Park village, Illinois","Orland Park, IL",57857,2626.299587
2578972,"Weymouth Town city, Massachusetts","Weymouth Town, MA",57746,3444.457079
857630,"Parker town, Colorado","Parker, CO",57706,2599.662243
1254075,"Palm Beach Gardens city, Florida","Palm Beach Gardens, FL",57704,982.8131864
631960,"Hanford city, California","Hanford, CA",57703,3316.214418
636056,"Huntington Park city, California","Huntington Park, CA",57509,19089.83051
2569170,"Taunton city, Massachusetts","Taunton, MA",57464,1230.314483
4048350,"Midwest City city, Oklahoma","Midwest City, OK",57407,2350.608756
2539835,"Medford city, Massachusetts","Medford, MA",57341,7079.241018
4824768,"Euless city, Texas","Euless, TX",57197,3545.216818
5363960,"Shoreline city, Washington","Shoreline, WA",57027,4901.438624
1371492,"Smyrna city, Georgia","Smyrna, GA",56666,3643.774615
1664090,"Pocatello city, Idaho","Pocatello, ID",56637,1703.809325
1378800,"Valdosta city, Georgia","Valdosta, GA",56457,1569.781369
3209700,"Carson City, Nevada","Carson City, NV",55916,386.5306239
439370,"Lake Havasu City city, Arizona","Lake Havasu City, AZ",55865,1205.575325
3832060,"Grand Forks city, North Dakota","Grand Forks, ND",55839,2031.240455
2906652,"Blue Springs city, Missouri","Blue Springs, MO",55829,2490.492621
2869280,"Southaven city, Mississippi","Southaven, MS",55780,1349.795781
1775484,"Tinley Park village, Illinois","Tinley Park, IL",55773,3462.661858
619192,"Diamond Bar city, California","Diamond Bar, CA",55720,3746.780826
3451210,"New Brunswick city, New Jersey","New Brunswick, NJ",55676,10639.86162
2039350,"Lenexa city, Kansas","Lenexa, KS",55625,1632.706248
1310944,"Brookhaven city, Georgia","Brookhaven, GA",55554,4783.806487
652582,"Novato city, California","Novato, CA",55516,2022.568696
4173650,"Tigard city, Oregon","Tigard, OR",55514,4353.667427
633588,"Highland city, California","Highland, CA",55417,2955.838957
625380,"Fountain Valley city, California","Fountain Valley, CA",55357,6102.305197
2621020,"Dearborn Heights city, Michigan","Dearborn Heights, MI",55353,4715.949349
4101000,"Albany city, Oregon","Albany, OR",55338,3154.738184
4830644,"Grapevine city, Texas","Grapevine, TX",55281,1728.969443
2701900,"Apple Valley city, Minnesota","Apple Valley, MN",55135,3250.026427
2513660,"Chicopee city, Massachusetts","Chicopee, MA",55126,2406.774385
3633139,"Hempstead village, New York","Hempstead, NY",55113,14958.26632
1754820,"Oak Lawn village, Illinois","Oak Lawn, IL",55022,6419.5344
612048,"Cathedral City city, California","Cathedral City, CA",55007,2446.365778
505320,"Bentonville city, Arkansas","Bentonville, AR",54909,1625.886735
1373784,"Stonecrest city, Georgia","Stonecrest, GA",54903,1467.990549
3940040,"Kettering city, Ohio","Kettering, OH",54855,2934.877307
614890,"Colton city, California","Colton, CA",54824,3527.567052
1801468,"Anderson city, Indiana","Anderson, IN",54765,1316.542079
982800,"West Haven city, Connecticut","West Haven, CT",54620,5080.880414
3709060,"Burlington city, North Carolina","Burlington, NC",54606,1832.558554
2044250,"Manhattan city, Kansas","Manhattan, KS",54604,2750.913091
1262625,"St. Cloud city, Florida","St. Cloud, FL",54579,2690.736482
1753234,"Normal town, Illinois","Normal, IL",54469,2976.714653
120104,"Decatur city, Alabama","Decatur, AL",54445,1005.253071
1705573,"Berwyn city, Illinois","Berwyn, IL",54391,13930.50781
4858820,"Port Arthur city, Texas","Port Arthur, TX",54280,705.6507821
4739560,"Kingsport city, Tennessee","Kingsport, TN",54127,1030.16802
2743252,"Minnetonka city, Minnesota","Minnetonka, MN",54064,2009.262866
662896,"Rosemead city, California","Rosemead, CA",54058,10472.09317
655618,"Paramount city, California","Paramount, CA",53955,11409.0901
3757500,"Rocky Mount city, North Carolina","Rocky Mount, NC",53922,1220.183259
687042,"Yucaipa city, California","Yucaipa, CA",53921,1905.791238
683668,"Watsonville city, California","Watsonville, CA",53856,8053.121942
3925256,"Elyria city, Ohio","Elyria, OH",53757,2613.697494
5144984,"Leesburg town, Virginia","Leesburg, VA",53727,4333.166931
1751089,"Mount Prospect village, Illinois","Mount Prospect, IL",53719,5011.338521
1256975,"Pinellas Park city, Florida","Pinellas Park, FL",53637,3339.433461
618394,"Delano city, California","Delano, CA",53573,3750.34329
3103950,"Bellevue city, Nebraska","Bellevue, NE",53544,3230.93476
684816,"West Sacramento city, California","West Sacramento, CA",53519,2492.753026
1201700,"Apopka city, Florida","Apopka, FL",53447,1589.176527
655184,"Palm Desert city, California","Palm Desert, CA",53275,1987.074041
947515,"Milford city (balance), Connecticut","Milford, CT",53195,2428.474303
4843012,"Little Elm city, Texas","Little Elm, TX",53126,2981.251405
2556585,"Revere city, Massachusetts","Revere, MA",53073,9304.742042
2552490,"Peabody city, Massachusetts","Peabody, MA",53070,3270.965477
4880356,"Wylie city, Texas","Wylie, TX",53067,2405.95841
5135624,"Harrisonburg city, Virginia","Harrisonburg, VA",53016,3057.576013
4820092,"DeSoto city, Texas","DeSoto, TX",52988,2449.352728
1255925,"Pensacola city, Florida","Pensacola, FL",52975,2340.23291
5351300,"Olympia city, Washington","Olympia, WA",52882,2899.809032
2718188,"Edina city, Minnesota","Edina, MN",52857,3420.147568
1781048,"Wheaton city, Illinois","Wheaton, IL",52745,4665.871371
3479610,"West New York town, New Jersey","West New York, NJ",52723,53026.872
3432250,"Hoboken city, New Jersey","Hoboken, NJ",52677,42134.53308
5336745,"Lacey city, Washington","Lacey, WA",52592,3075.72784
4570270,"Summerville town, South Carolina","Summerville, SC",52549,2668.524396
1616750,"Coeur d'Alene city, Idaho","Coeur d'Alene, ID",52414,3264.379353
1754885,"Oak Park village, Illinois","Oak Park, IL",52381,11145.34372
1820728,"Elkhart city, Indiana","Elkhart, IN",52358,1903.253856
444410,"Maricopa city, Arizona","Maricopa, AZ",52127,1217.983776
2642820,"Kentwood city, Michigan","Kentwood, MI",51898,2481.423819
145784,"Madison city, Alabama","Madison, AL",51593,1701.713375
4769420,"Smyrna town, Tennessee","Smyrna, TN",51586,1702.041675
630014,"Glendora city, California","Glendora, CA",51544,2642.07011
4945860,"Logan city, Utah","Logan, UT",51542,2918.398417
5308850,"Burien city, Washington","Burien, WA",51500,5130.046009
3458200,"Perth Amboy city, New Jersey","Perth Amboy, NJ",51390,11022.93876
4934970,"Herriman city, Utah","Herriman, UT",51348,2373.71496
3119595,"Grand Island city, Nebraska","Grand Island, NE",51267,1723.473914
657526,"Placentia city, California","Placentia, CA",51233,7746.52107
5540775,"La Crosse city, Wisconsin","La Crosse, WI",51227,2359.989312
2605920,"Battle Creek city, Michigan","Battle Creek, MI",51093,1199.226092
604758,"Beaumont city, California","Beaumont, CA",51063,1684.279568
4716420,"Collierville town, Tennessee","Collierville, TN",51040,1409.859905
1882862,"West Lafayette city, Indiana","West Lafayette, IN",50996,3754.417558
2924778,"Florissant city, Missouri","Florissant, MO",50952,4059.588401
1735411,"Hoffman Estates village, Illinois","Hoffman Estates, IL",50932,2418.743904
2937592,"Joplin city, Missouri","Joplin, MO",50925,1336.320631
458150,"Queen Creek town, Arizona","Queen Creek, AZ",50890,1571.023604
600947,"Aliso Viejo city, California","Aliso Viejo, CA",50887,7354.226964
3735200,"Kannapolis city, North Carolina","Kannapolis, NC",50841,1559.237347
2540710,"Methuen Town city, Massachusetts","Methuen Town, MA",50706,2282.784284
4828068,"Galveston city, Texas","Galveston, TX",50446,1226.547755
1849932,"Mishawaka city, Indiana","Mishawaka, IN",50363,2853.199273
3459190,"Plainfield city, New Jersey","Plainfield, NJ",50317,8443.458023
3954040,"Newark city, Ohio","Newark, OH",50315,2409.354594
4070300,"Stillwater city, Oklahoma","Stillwater, OK",50299,1702.679342
1682810,"Twin Falls city, Idaho","Twin Falls, ID",50197,2611.982834
4872392,"Texas City city, Texas","Texas City, TX",50094,779.007614
